method,MRR@10,Recall@10,nDCG@10,doc_Recall@10,vectors_per_page,vector_dim,index_size_mb,avg_query_latency_ms,extra_scoring_cost_ms
single_vector,0.0,0.0,0.0,0.7333333333333333,1,512,0.197266,0.1130,0
full_multi_vector,0.06444444444444444,0.13333333333333333,0.0806664859963115,0.9,49.0000,512,9.666016,6.5679,6.5452
