Setting,M,Num Pages,Total Vectors,Avg Tokens/Page,Min Tokens/Page,Max Tokens/Page,Embedding Dim,Payload Size Bytes,Payload Size KB,Payload Size MB,File Size Bytes,File Size KB,File Size MB,Payload Ratio vs Full,Payload Reduction vs Full,File Size Ratio vs Full,File Size Reduction vs Full,Vector Ratio vs Full,Vector Reduction vs Full,Avg Token Ratio vs Full,Avg Token Reduction vs Full
M8,8,101,808,8.0,8,8,512,1654784,1616.0,1.578125,1667712,1628.625,1.5904541015625,0.16326530612244897,0.8367346938775511,0.1643312101910828,0.8356687898089172,0.16326530612244897,0.8367346938775511,0.16326530612244897,0.8367346938775511
M16,16,101,1616,16.0,16,16,512,3309568,3232.0,3.15625,3322496,3244.625,3.1685791015625,0.32653061224489793,0.6734693877551021,0.3273885350318471,0.6726114649681529,0.32653061224489793,0.6734693877551021,0.32653061224489793,0.6734693877551021
M24,24,101,2424,24.0,24,24,512,4964352,4848.0,4.734375,4977280,4860.625,4.7467041015625,0.4897959183673469,0.5102040816326531,0.49044585987261147,0.5095541401273885,0.4897959183673469,0.5102040816326531,0.4897959183673469,0.5102040816326531
M32,32,101,3232,32.0,32,32,512,6619136,6464.0,6.3125,6632064,6476.625,6.3248291015625,0.6530612244897959,0.34693877551020413,0.6535031847133758,0.34649681528662424,0.6530612244897959,0.34693877551020413,0.6530612244897959,0.34693877551020413
M49,49,101,4949,49.0,49,49,512,10135552,9898.0,9.666015625,10148480,9910.625,9.6783447265625,1.0,0.0,1.0,0.0,1.0,0.0,1.0,0.0
