{
  "run_name": "w6_N10_M24_pq_b8",
  "N": 10,
  "M": 24,
  "Compression": "PQ-b8",
  "bits": 8,
  "evaluated_queries": 30,
  "missing_run_queries": 0,
  "Recall@1": 0.03333333333333333,
  "Recall@5": 0.1,
  "Recall@10": 0.26666666666666666,
  "MRR@10": 0.07392857142857143,
  "nDCG@10": 0.11339953561341377,
  "Index Size MB": 0.0369873046875,
  "Original FP Payload Size MB": 4.734375,
  "Compression Ratio vs FP Payload": 128.0,
  "MSE": 0.0002793763705994934,
  "MAE": 0.012779147364199162,
  "Build Time sec": 0.5951778888702393,
  "Latency ms/query": 5.2771806716918945,
  "Rerank Time sec": 0.15831542015075684,
  "run_file": "results\\budgeted\\joint_compression\\runs\\w6_N10_M24_pq_b8_run.tsv",
  "index_stats_file": "results\\budgeted\\joint_compression\\index_stats\\w6_N10_M24_pq_b8_index_stats.json"
}