{
  "run_name": "w6_N10_M24_ivf_opq_pq",
  "N": 10,
  "M": 24,
  "Compression": "IVF+OPQ+PQ",
  "evaluated_queries": 30,
  "missing_run_queries": 0,
  "Recall@1": 0.06666666666666667,
  "Recall@5": 0.1,
  "Recall@10": 0.26666666666666666,
  "MRR@10": 0.09568783068783068,
  "nDCG@10": 0.1295850395760222,
  "Index Size MB": 0.01849365234375,
  "Estimated Code Size MB": 0.01849365234375,
  "Reconstructed File Size MB": 4.7467041015625,
  "Original FP Payload Size MB": 4.734375,
  "Original FP File Size MB": 4.7467041015625,
  "Compression Ratio vs FP Payload": 256.0,
  "MSE": 0.00040774315129965544,
  "MAE": 0.015605718828737736,
  "pq_m": 16,
  "bits": 4,
  "nlist": 8,
  "nprobe": 4,
  "reconstruct_mode": "direct_map",
  "Build Time sec": 20.385854721069336,
  "Latency ms/query": 5.406618118286133,
  "Rerank Time sec": 0.16219854354858398,
  "Valid Query Count": 30,
  "Valid Candidate Count": 300,
  "run_file": "results\\budgeted\\joint_compression\\runs\\w6_N10_M24_ivf_opq_pq_run.tsv",
  "latency_file": "results\\budgeted\\joint_compression\\latency\\w6_N10_M24_ivf_opq_pq_latency.json",
  "index_stats_file": "results\\budgeted\\joint_compression\\index_stats\\w6_N10_M24_ivf_opq_pq_index_stats.json"
}