{
  "run_name": "w6_N10_M24_pq_b4",
  "N": 10,
  "M": 24,
  "Compression": "PQ-b4",
  "bits": 4,
  "evaluated_queries": 30,
  "missing_run_queries": 0,
  "Recall@1": 0.03333333333333333,
  "Recall@5": 0.13333333333333333,
  "Recall@10": 0.26666666666666666,
  "MRR@10": 0.08892857142857144,
  "nDCG@10": 0.1254604879199485,
  "Index Size MB": 0.01849365234375,
  "Original FP Payload Size MB": 4.734375,
  "Compression Ratio vs FP Payload": 256.0,
  "MSE": 0.00045810092706233263,
  "MAE": 0.016606859862804413,
  "Build Time sec": 0.1690073013305664,
  "Latency ms/query": 4.905859629313151,
  "Rerank Time sec": 0.14717578887939453,
  "run_file": "results\\budgeted\\joint_compression\\runs\\w6_N10_M24_pq_b4_run.tsv",
  "index_stats_file": "results\\budgeted\\joint_compression\\index_stats\\w6_N10_M24_pq_b4_index_stats.json"
}