{
  "run_name": "w6_N10_M16_ivf_pq",
  "N": 10,
  "M": 16,
  "Compression": "IVF+PQ",
  "evaluated_queries": 30,
  "missing_run_queries": 0,
  "Recall@1": 0.03333333333333333,
  "Recall@5": 0.06666666666666667,
  "Recall@10": 0.26666666666666666,
  "MRR@10": 0.06564814814814815,
  "nDCG@10": 0.10606887223340773,
  "Index Size MB": 0.0123291015625,
  "Estimated Code Size MB": 0.0123291015625,
  "Reconstructed File Size MB": 3.1685791015625,
  "Original FP Payload Size MB": 3.15625,
  "Original FP File Size MB": 3.1685791015625,
  "Compression Ratio vs FP Payload": 256.0,
  "MSE": 0.0004391977854538709,
  "MAE": 0.01630106009542942,
  "pq_m": 16,
  "bits": 4,
  "nlist": 8,
  "nprobe": 4,
  "reconstruct_mode": "direct_map",
  "Build Time sec": 0.14241790771484375,
  "Latency ms/query": 5.713589986165364,
  "Rerank Time sec": 0.17140769958496094,
  "Valid Query Count": 30,
  "Valid Candidate Count": 300,
  "run_file": "results\\budgeted\\joint_compression\\runs\\w6_N10_M16_ivf_pq_run.tsv",
  "latency_file": "results\\budgeted\\joint_compression\\latency\\w6_N10_M16_ivf_pq_latency.json",
  "index_stats_file": "results\\budgeted\\joint_compression\\index_stats\\w6_N10_M16_ivf_pq_index_stats.json"
}