{
  "run_name": "w6_N10_M16_opq_pq",
  "N": 10,
  "M": 16,
  "Compression": "OPQ+PQ",
  "evaluated_queries": 30,
  "missing_run_queries": 0,
  "Recall@1": 0.0,
  "Recall@5": 0.03333333333333333,
  "Recall@10": 0.26666666666666666,
  "MRR@10": 0.04231481481481482,
  "nDCG@10": 0.08838068489585708,
  "Index Size MB": 0.0123291015625,
  "Estimated Code Size MB": 0.0123291015625,
  "Reconstructed File Size MB": 3.1685791015625,
  "Original FP Payload Size MB": 3.15625,
  "Original FP File Size MB": 3.1685791015625,
  "Compression Ratio vs FP Payload": 256.0,
  "MSE": 0.00045046646846458316,
  "MAE": 0.01648344285786152,
  "pq_m": 16,
  "bits": 4,
  "nlist": null,
  "nprobe": null,
  "reconstruct_mode": "opq_reverse_pq_decode",
  "Build Time sec": 17.938496589660645,
  "Latency ms/query": 4.980142911275228,
  "Rerank Time sec": 0.14940428733825684,
  "Valid Query Count": 30,
  "Valid Candidate Count": 300,
  "run_file": "results\\budgeted\\joint_compression\\runs\\w6_N10_M16_opq_pq_run.tsv",
  "latency_file": "results\\budgeted\\joint_compression\\latency\\w6_N10_M16_opq_pq_latency.json",
  "index_stats_file": "results\\budgeted\\joint_compression\\index_stats\\w6_N10_M16_opq_pq_index_stats.json"
}