{
  "run_name": "w6_N10_M24_opq_pq",
  "N": 10,
  "M": 24,
  "Compression": "OPQ+PQ",
  "evaluated_queries": 30,
  "missing_run_queries": 0,
  "Recall@1": 0.03333333333333333,
  "Recall@5": 0.1,
  "Recall@10": 0.26666666666666666,
  "MRR@10": 0.08226190476190477,
  "nDCG@10": 0.12007464213001591,
  "Index Size MB": 0.01849365234375,
  "Estimated Code Size MB": 0.01849365234375,
  "Reconstructed File Size MB": 4.7467041015625,
  "Original FP Payload Size MB": 4.734375,
  "Original FP File Size MB": 4.7467041015625,
  "Compression Ratio vs FP Payload": 256.0,
  "MSE": 0.00043150378041900694,
  "MAE": 0.016065308824181557,
  "pq_m": 16,
  "bits": 4,
  "nlist": null,
  "nprobe": null,
  "reconstruct_mode": "opq_reverse_pq_decode",
  "Build Time sec": 20.54169464111328,
  "Latency ms/query": 5.00629742940267,
  "Rerank Time sec": 0.15018892288208008,
  "Valid Query Count": 30,
  "Valid Candidate Count": 300,
  "run_file": "results\\budgeted\\joint_compression\\runs\\w6_N10_M24_opq_pq_run.tsv",
  "latency_file": "results\\budgeted\\joint_compression\\latency\\w6_N10_M24_opq_pq_latency.json",
  "index_stats_file": "results\\budgeted\\joint_compression\\index_stats\\w6_N10_M24_opq_pq_index_stats.json"
}