{
  "run_name": "w6_N10_M24_pq",
  "N": 10,
  "M": 24,
  "Compression": "PQ",
  "evaluated_queries": 30,
  "missing_run_queries": 0,
  "Recall@1": 0.03333333333333333,
  "Recall@5": 0.13333333333333333,
  "Recall@10": 0.26666666666666666,
  "MRR@10": 0.08892857142857144,
  "nDCG@10": 0.1254604879199485,
  "Index Size MB": 0.01849365234375,
  "Estimated Code Size MB": 0.01849365234375,
  "Reconstructed File Size MB": 4.7467041015625,
  "Original FP Payload Size MB": 4.734375,
  "Original FP File Size MB": 4.7467041015625,
  "Compression Ratio vs FP Payload": 256.0,
  "MSE": 0.00045810092706233263,
  "MAE": 0.016606859862804413,
  "pq_m": 16,
  "bits": 4,
  "nlist": null,
  "nprobe": null,
  "reconstruct_mode": "pq_decode",
  "Build Time sec": 0.18793702125549316,
  "Latency ms/query": 5.105066299438477,
  "Rerank Time sec": 0.1531519889831543,
  "Valid Query Count": 30,
  "Valid Candidate Count": 300,
  "run_file": "results\\budgeted\\joint_compression\\runs\\w6_N10_M24_pq_run.tsv",
  "latency_file": "results\\budgeted\\joint_compression\\latency\\w6_N10_M24_pq_latency.json",
  "index_stats_file": "results\\budgeted\\joint_compression\\index_stats\\w6_N10_M24_pq_index_stats.json"
}