{
  "run_name": "w6_N10_M24_pq_b2",
  "N": 10,
  "M": 24,
  "Compression": "PQ-b2",
  "bits": 2,
  "evaluated_queries": 30,
  "missing_run_queries": 0,
  "Recall@1": 0.0,
  "Recall@5": 0.1,
  "Recall@10": 0.26666666666666666,
  "MRR@10": 0.06314814814814815,
  "nDCG@10": 0.10574281827327565,
  "Index Size MB": 0.009246826171875,
  "Original FP Payload Size MB": 4.734375,
  "Compression Ratio vs FP Payload": 512.0,
  "MSE": 0.0005517979734577239,
  "MAE": 0.018266329541802406,
  "Build Time sec": 0.07198643684387207,
  "Latency ms/query": 5.065814654032389,
  "Rerank Time sec": 0.15197443962097168,
  "run_file": "results\\budgeted\\joint_compression\\runs\\w6_N10_M24_pq_b2_run.tsv",
  "index_stats_file": "results\\budgeted\\joint_compression\\index_stats\\w6_N10_M24_pq_b2_index_stats.json"
}