{
  "run_name": "w6_N10_M8_ivf_pq",
  "N": 10,
  "M": 8,
  "Compression": "IVF+PQ",
  "evaluated_queries": 30,
  "missing_run_queries": 0,
  "Recall@1": 0.0,
  "Recall@5": 0.1,
  "Recall@10": 0.26666666666666666,
  "MRR@10": 0.052910052910052914,
  "nDCG@10": 0.09691716097410459,
  "Index Size MB": 0.00616455078125,
  "Estimated Code Size MB": 0.00616455078125,
  "Reconstructed File Size MB": 1.5904541015625,
  "Original FP Payload Size MB": 1.578125,
  "Original FP File Size MB": 1.5904541015625,
  "Compression Ratio vs FP Payload": 256.0,
  "MSE": 0.0004275804094504565,
  "MAE": 0.01605311967432499,
  "pq_m": 16,
  "bits": 4,
  "nlist": 8,
  "nprobe": 4,
  "reconstruct_mode": "direct_map",
  "Build Time sec": 0.09907293319702148,
  "Latency ms/query": 4.808243115743001,
  "Rerank Time sec": 0.14424729347229004,
  "Valid Query Count": 30,
  "Valid Candidate Count": 300,
  "run_file": "results\\budgeted\\joint_compression\\runs\\w6_N10_M8_ivf_pq_run.tsv",
  "latency_file": "results\\budgeted\\joint_compression\\latency\\w6_N10_M8_ivf_pq_latency.json",
  "index_stats_file": "results\\budgeted\\joint_compression\\index_stats\\w6_N10_M8_ivf_pq_index_stats.json"
}