{
  "run_name": "w6_N10_M24_ivf_pq",
  "N": 10,
  "M": 24,
  "Compression": "IVF+PQ",
  "evaluated_queries": 30,
  "missing_run_queries": 0,
  "Recall@1": 0.03333333333333333,
  "Recall@5": 0.1,
  "Recall@10": 0.26666666666666666,
  "MRR@10": 0.07253968253968253,
  "nDCG@10": 0.11204145860267065,
  "Index Size MB": 0.01849365234375,
  "Estimated Code Size MB": 0.01849365234375,
  "Reconstructed File Size MB": 4.7467041015625,
  "Original FP Payload Size MB": 4.734375,
  "Original FP File Size MB": 4.7467041015625,
  "Compression Ratio vs FP Payload": 256.0,
  "MSE": 0.00042484665755182505,
  "MAE": 0.01598394103348255,
  "pq_m": 16,
  "bits": 4,
  "nlist": 8,
  "nprobe": 4,
  "reconstruct_mode": "direct_map",
  "Build Time sec": 0.2200334072113037,
  "Latency ms/query": 5.099844932556152,
  "Rerank Time sec": 0.15299534797668457,
  "Valid Query Count": 30,
  "Valid Candidate Count": 300,
  "run_file": "results\\budgeted\\joint_compression\\runs\\w6_N10_M24_ivf_pq_run.tsv",
  "latency_file": "results\\budgeted\\joint_compression\\latency\\w6_N10_M24_ivf_pq_latency.json",
  "index_stats_file": "results\\budgeted\\joint_compression\\index_stats\\w6_N10_M24_ivf_pq_index_stats.json"
}