{
  "run_name": "w6_N10_M8_pq",
  "N": 10,
  "M": 8,
  "Compression": "PQ",
  "evaluated_queries": 30,
  "missing_run_queries": 0,
  "Recall@1": 0.0,
  "Recall@5": 0.1,
  "Recall@10": 0.26666666666666666,
  "MRR@10": 0.05037037037037037,
  "nDCG@10": 0.09489076604055888,
  "Index Size MB": 0.00616455078125,
  "Estimated Code Size MB": 0.00616455078125,
  "Reconstructed File Size MB": 1.5904541015625,
  "Original FP Payload Size MB": 1.578125,
  "Original FP File Size MB": 1.5904541015625,
  "Compression Ratio vs FP Payload": 256.0,
  "MSE": 0.0004607306618709117,
  "MAE": 0.01665865071117878,
  "pq_m": 16,
  "bits": 4,
  "nlist": null,
  "nprobe": null,
  "reconstruct_mode": "pq_decode",
  "Build Time sec": 0.07103323936462402,
  "Latency ms/query": 4.895973205566406,
  "Rerank Time sec": 0.1468791961669922,
  "Valid Query Count": 30,
  "Valid Candidate Count": 300,
  "run_file": "results\\budgeted\\joint_compression\\runs\\w6_N10_M8_pq_run.tsv",
  "latency_file": "results\\budgeted\\joint_compression\\latency\\w6_N10_M8_pq_latency.json",
  "index_stats_file": "results\\budgeted\\joint_compression\\index_stats\\w6_N10_M8_pq_index_stats.json"
}