{
  "query_count": 30,
  "page_level": {
    "MRR@10": 0.06444444444444444,
    "Recall@1": 0.03333333333333333,
    "Recall@5": 0.1,
    "Recall@10": 0.13333333333333333,
    "nDCG@10": 0.0806664859963115
  },
  "doc_level_aux": {
    "Recall@1": 0.7333333333333333,
    "Recall@5": 0.9,
    "Recall@10": 0.9
  }
}