{
  "query_count": 30,
  "page_level": {
    "MRR@10": 0.02722222222222222,
    "Recall@1": 0.0,
    "Recall@5": 0.06666666666666667,
    "Recall@10": 0.16666666666666666,
    "nDCG@10": 0.06382908633493314
  },
  "doc_level_aux": {
    "Recall@1": 0.03333333333333333,
    "Recall@5": 0.8,
    "Recall@10": 1.0
  }
}