page_type,Evaluated Queries,Recall@10,MRR@10,M
Unlabeled,30,0.26666666666666666,0.0906878306878307,8
