page_type,Evaluated Queries,Recall@10,MRR@10,M
Unlabeled,30,0.26666666666666666,0.0906878306878307,8
Unlabeled,30,0.26666666666666666,0.09013227513227513,16
Unlabeled,30,0.26666666666666666,0.07544973544973545,24
Unlabeled,30,0.26666666666666666,0.04648148148148148,32
Unlabeled,30,0.26666666666666666,0.0627777777777778,49
