Metric,Random Mask,Gold Mask,COG
Recall@10,1.00000000,0.00000000,1.00000000
MRR@10,1.00000000,0.00000000,1.00000000
nDCG@10,1.00000000,0.00000000,1.00000000
Gold Page Score,0.20149380,0.00000000,0.20149380
