{
  "query_count": 30,
  "MRR": 0.6228174603174603,
  "Recall@1": 0.43333333333333335,
  "Recall@5": 0.8333333333333334,
  "Recall@10": 0.9333333333333333,
  "nDCG@10": 0.6831655363732768,
  "page_level": {
    "MRR@10": 0.6228174603174603,
    "Recall@1": 0.43333333333333335,
    "Recall@5": 0.8333333333333334,
    "Recall@10": 0.9333333333333333,
    "nDCG@10": 0.6831655363732768
  },
  "doc_level_aux": {
    "Recall@1": 0.8333333333333334,
    "Recall@5": 0.9333333333333333,
    "Recall@10": 1.0
  },
  "query_count_in_run": 30,
  "query_count_in_qrels": 30
}